better,872884,FFFFA401
good,648881,FFFFF700
bad,529789,FF07548A
right,296344,FFE97802
guilty,240423,FF004E6F
same,199726,FF017E94
well,192602,FFE6C637
sorry,187838,FF00696F
great,186335,FFFFD801
down,179024,FF18213E
comfortable,152912,FF40B6B8
sick,148432,FF2E9127
happy,143606,FFFF7F00
sad,141280,FF043F69
free,135472,FF7EC31B
alone,123109,FF595884
lost,113789,FF014872
tired,105136,FF273E67
home,100118,FF263D67
shit,98760,FF00553A
old,92047,FF352C65
confident,83247,FFFF7F00
new,81066,FF99CF15
different,78048,FFEA3137
best,76858,FFFFFF4F
blessed,76794,FF187429
lucky,74544,FFFED73C
lonely,74467,FF08468F
off,74361,FF0A3B8A
ill,73767,FF11581C
stupid,72654,FF027975
done,71729,FF1B2958
safe,68909,FF3688BA
weird,68757,FFF70059
whole,65405,FFFE992D
important,61480,FFE6AB0F
fine,59445,FF99D013
first,57791,FFFDD93B
horrible,54345,FFE4010A
wrong,53295,FF73207C
terrible,51657,FF99001E
hurt,50730,FF235C93
able,50632,FFC36619
loved,49841,FFF30172
overwhelmed,49500,FF263F67
ready,49306,FFFB9A27
big,49155,FFFF6600
worse,48777,FF243C96
empty,48684,FF3A4AA1
strong,48273,FFFFB200
uncomfortable,47896,FF1E3869
hard,47756,FF4A688C
close,47656,FF274784
special,46433,FFF30263
depressed,45955,FF283152
head,44417,FFFDD93D
alive,43612,FF64B822
compelled,43527,FF017C8C
missing,43443,FF015B5C
sure,42431,FFE49202
proud,41636,FFFFB300
normal,41124,FF084892
awful,40668,FFCB1F13
real,40088,FF41A84D
used,39068,FF552966
full,39053,FFA5238D
cold,37874,FF3FB6BA
certain,37137,FFFE9901
complete,36842,FFB2DB11
okay,36583,FFF1B62A
accomplished,35628,FFFEA53F
lazy,34419,FF4E5F7B
wanted,34291,FFE4302F
crying,34160,FF992F93
ok,33380,FFFF7F1C
both,32884,FFB2DB11
inspired,32097,FFF44387
pretty,32065,FFF44387
stuck,32005,FF0B4FA0
behind,31945,FF312675
fat,31929,FFFD0100
deep,31866,FF41B3BD
awkward,31295,FF2D6E8A
weak,31220,FF196C62
small,30253,FF28669F
warm,30179,FFFF4B02
baby,29614,FFFFA401
excited,29570,FFFE9829
stressed,29085,FF9256A0
angry,28706,FFE0192C
nice,28500,FFFD9927
true,28452,FFFFD93C
crazy,28342,FFF3026D
strange,27722,FFF30157
ashamed,27143,FF9C0047
helpless,26822,FF026874
low,26721,FF3A578F
amazing,26375,FF00734E
nervous,26367,FF28ADCE
super,25893,FF08468F
high,25599,FFB2DC10
hot,25282,FFFF1A00
huge,25194,FFE4010A
positive,25026,FF243C96
connected,24970,FF263D67
trapped,24737,FF7C5081
crappy,24453,FF00734E
closer,24429,FF99D013
man,24375,FF00744E
hungry,24293,FFF30157
needed,24233,FF273E67
beautiful,24008,FF3FB6BA
anxious,23897,FF595884
eating,23876,FF73207C
grateful,23789,FF283152
morning,23546,FF263F67
skin,23209,FF552966
shitty,22898,FF00744E
light,22792,FFE49202
relaxed,22778,FFFED73C
mean,22568,FF950125
scared,22517,FFFF7F1C
silly,22259,FF950125
frustrated,22231,FF0A3B8A
young,21954,FF00744E
knowing,21877,FF4E5F7B
walking,21828,FF196C62
exhausted,21457,FF004E6F
fortunate,20772,FF2D6E8A
dirty,20626,FF034E6D
playing,20544,FFFFFF4F
miserable,20499,FFFF7F1C
obligated,20355,FF11581C
whatever,20336,FFFF7F00
dead,20250,FFC80027
useless,20245,FF7D1842
awesome,19484,FF015B5C
human,19407,FF99D013
wonderful,19317,FF99001E
upset,19291,FFFFF700
numb,19180,FFE49202
ago,18807,FF9C0047
bored,18676,FF312675
blue,18555,FF28ADCE
found,18485,FF00553A
refreshed,18274,FFF30263
open,18274,FFFF7F00
cool,18234,FFFFFF4F
fit,18190,FF0A3B8A
dizzy,18109,FFFFF700
confused,18002,FF73207C
relieved,17696,FF18213E
secure,17690,FF00744E
broken,17603,FFE4010A
insecure,17523,FFE4010A
growing,17495,FFEA3137
sleepy,17433,FF014872
fun,17391,FF034E6D
calm,17351,FF7D1842
grown,17331,FF263D67
content,17118,FFA5238D
necessary,16962,FF00553A
happier,16951,FF18213E
disappointed,16936,FFE97802
drained,16864,FF394378
dumb,16683,FF2C558B
changed,16637,FFFE9901
embarrassed,16211,FF017E94
side,16136,FF1E3869
satisfied,16133,FF1E3869
short,16089,FF4A688C
emotional,15996,FF2D6E8A
seen,15957,FFE4302F
motivated,15944,FFFDBF2C
healthy,15925,FF73207C
missed,15527,FF08468F
perfect,15420,FF352C65
heavy,15297,FF28669F
future,15272,FFFF7F00
creative,15230,FF027975
honored,15167,FFFDD93D
worthless,15016,FF40B6B8
older,14950,FFF70059
afraid,14933,FFFDD93D
funny,14839,FF004E6F
extra,14833,FF312675
odd,14702,FFFFFF4F
personal,14678,FFFD9927
productive,14327,FFFD9927
won,14325,FF1B2958
learned,14140,FF552966
nauseous,14090,FF015B5C
weather,14050,FF3A578F
selfish,14027,FFFED73C
power,14016,FFFF7F1C
set,13974,FFFF6600
beginning,13950,FF2C558B
blah,13941,FFB2DC10
inadequate,13887,FFFFF700
wasted,13724,FF043F69
known,13649,FFFFB200
responsible,13479,FF99D013
alright,13402,FFFFFF4F
sharing,13352,FF0A3B8A
hopeless,13335,FFFF6600
gross,13324,FF015B5C
entire,13300,FF235C93
holding,13062,FF552966
ugly,13036,FF18213E
wasting,13016,FF015B5C
fast,12968,FF196C62
vulnerable,12738,FFF1B62A
beat,12668,FFE97802
uneasy,12660,FF043F69
worst,12477,FFB2DC10
nostalgic,12451,FF73207C
happening,12419,FFFF6600
spent,12230,FFF30263
late,12223,FFFB9A27
forward,12211,FF00744E
current,12003,FF7EC31B
prepared,11998,FFFE9901
whit,11939,FFFEA740
easy,11826,FF08468F
million,11775,FFF30157
changing,11659,FFC36619
jealous,11615,FF027975
disconnected,11593,FF07548A
express,11583,FF026874
failed,11571,FF950125
fresh,11570,FF11581C
wearing,11565,FFF30263
slipping,11488,FF00553A
optimistic,11477,FF73207C
pathetic,11412,FFFEA53F
cut,11308,FFFFB300
busy,11195,FFFD9927
sexy,11099,FF283152
fantastic,10992,FF2C558B
tried,10915,FF026874
sore,10869,FFF3026D
clean,10754,FF283152
standing,10707,FF7D1842
thankful,10674,FF027975
isolated,10623,FFE4010A
black,10503,FFFFF700
welcome,10446,FF00553A
waste,10417,FF1E3869
dark,10401,FF00744E
conscious,10393,FF73207C
turned,10387,FFFFFF4F
naked,10346,FF027975
possible,10287,FF73207C
mad,10279,FFF44387
negative,10269,FF026874
breaking,10197,FFFEA53F
restless,10180,FF014872
turning,10168,FF015B5C
particular,10128,FFFB9A27
due,10100,FF7C5081
privileged,10062,FF595884
honest,10057,FF28669F
deal,10057,FF28ADCE
slow,10029,FF187429
easier,10000,FF034E6D
similar,9975,FFF1B62A
glad,9877,FFF30263
pregnant,9832,FFFFFF4F
written,9706,FF243C96
level,9657,FF2E9127
interesting,9625,FFFE9901
general,9600,FFFF7F1C
boring,9540,FF0A3B8A
burning,9535,FFFE992D
natural,9499,FF0B4FA0
obliged,9390,FFFFB200
middle,9375,FF2C558B
asking,9359,FF41B3BD
clear,9355,FF595884
bloated,9318,FFFF7F1C
worked,9256,FF273E67
heard,9252,FFFEA53F
defeated,9240,FFB2DC10
bigger,9149,FF273E67
building,9139,FF034E6D
moved,9130,FF263D67
dancing,9117,FF263F67
soft,9050,FF3A4AA1
social,9045,FF3A4AA1
pushing,8990,FFFDBF2C
worried,8987,FF00744E
group,8959,FF28669F
early,8950,FF28669F
driving,8918,FF00696F
rested,8907,FF7D1842
sound,8903,FFFFFF4F
across,8883,FFFF7F00
appropriate,8847,FFFFB300
fair,8837,FF00734E
fool,8832,FF0A3B8A
country,8830,FF283152
rush,8794,FF235C93
torn,8776,FFFEA740
powerful,8739,FFE0192C
awake,8737,FF017C8C
discouraged,8723,FF017977
hopeful,8660,FF7D1842
worthy,8644,FF312675
tiny,8579,FF2E9127
icky,8519,FF40B6B8
justified,8436,FF1B2958
front,8427,FF2E9127
intense,8421,FFFF7F00
annoyed,8376,FFC36619
difficult,8331,FF283152
major,8315,FF7EC31B
inclined,8314,FFFD0100
empowered,8306,FF235C93
threatened,8279,FFFF6600
further,8273,FF004E6F
pulled,8251,FFFD9927
forced,8162,FF11581C
healthier,8143,FFFFB300
poor,8114,FFFE9901
pressured,8105,FF394378
involved,8105,FFFE9901
distant,8034,FFEA3137
biggest,8003,FFFFD801
choice,7822,FFF44387
lousy,7810,FF9256A0
fighting,7802,FFF30172
present,7789,FFE4302F
lame,7776,FF18213E
successful,7772,FFE49202
drunk,7765,FF3A4AA1
serious,7761,FFFFB200
abandoned,7750,FFFD0100
smart,7749,FF07548A
energetic,7707,FF1E3869
fucked,7684,FF595884
passionate,7627,FF73207C
younger,7607,FF41A84D
sweet,7585,FF187429
random,7542,FF7D1842
forgotten,7521,FF017E94
faint,7467,FF64B822
useful,7449,FFF1B62A
disgusting,7421,FFFB9A27
daily,7413,FF3A4AA1
minute,7291,FF00734E
neglected,7256,FF235C93
killing,7248,FFE6AB0F
constant,7238,FFFE9901
ripped,7200,FF017977
physical,7170,FF7D1842
tight,7163,FF0A3B8A
state,7134,FFC36619
ridiculous,7134,FF73207C
rushed,7120,FFFDD93D
settled,7119,FF28669F
lacking,7108,FF08468F
party,7093,FFF30157
familiar,7088,FF7C5081
deprived,7077,FF312675
adult,7013,FF2E9127
business,7012,FF196C62
experienced,6975,FF11581C
loving,6963,FF004E6F
inferior,6950,FF015B5C
paper,6945,FF9256A0
slight,6912,FFC36619
worn,6881,FF07548A
large,6863,FF043F69
ahead,6861,FFFF7F1C
subject,6854,FF00744E
desperate,6850,FF084892
peaceful,6844,FF7C5081
pissed,6839,FFFF7F00
hanging,6838,FF18213E
rough,6796,FF017977
straight,6757,FF0A3B8A
capable,6751,FFFF7F1C
passing,6748,FFE6C637
simple,6732,FF11581C
spring,6719,FFFF7F00
panic,6711,FF00734E
homesick,6701,FF0A3B8A
pushed,6696,FFFDD93B
foolish,6686,FF274784
kept,6667,FF004E6F
appreciated,6653,FF004E6F
unhappy,6652,FFFF7F1C
shy,6612,FFFF7F1C
fake,6567,FFCB1F13
drawn,6527,FF014872
fulfilled,6501,FFEA3137
ground,6485,FF084892
incredible,6421,FF084892
drinking,6417,FFC80027
absolute,6416,FF00734E
bitter,6405,FFE49202
invisible,6359,FF4A688C
pleased,6346,FFE97802
insane,6345,FFEA3137
born,6335,FFF30157
floating,6304,FFE6AB0F
attached,6285,FF00744E
interested,6276,FFFDD93D
rejected,6270,FFF3026D
lying,6255,FFFF7F00
sluggish,6245,FFFE9901
non,6233,FF41A84D
failing,6228,FFFD9927
finished,6187,FF950125
broke,6163,FF3FB6BA
fly,6160,FF352C65
otherwise,6155,FF263D67
giddy,6090,FF9C0047
following,6090,FFFB9A27
violated,6078,FFFEA53F
several,6075,FF273E67
darn,6065,FF273E67
cheating,6013,FF004E6F
potential,5988,FFFD9927
bottom,5973,FF017E94
lifted,5958,FF263D67
public,5957,FF00744E
shot,5936,FFFFA401
powerless,5910,FF7C5081
aware,5902,FFFE9901
common,5895,FFFD0100
white,5877,FF196C62
exact,5876,FF026874
burst,5861,FF18213E
likely,5832,FF992F93
lower,5813,FFFF6600
sudden,5802,FF1E3869
understanding,5794,FFFD0100
decent,5793,FF3A578F
quiet,5778,FFF30172
dry,5746,FFF30263
singing,5731,FF043F69
led,5721,FFFDD93B
actual,5707,FFFF7F00
disgusted,5695,FF2E9127
rising,5664,FF2E9127
four,5664,FFFFB300
ignored,5663,FFFED73C
sister,5653,FFCB1F13
stopped,5570,FFFFA401
brave,5539,FF08468F
wet,5487,FFFB9A27
greater,5443,FF552966
hearing,5434,FF034E6D
allowed,5429,FF235C93
queasy,5416,FF3A578F
l,5413,FF014872
based,5413,FFC80027
usual,5405,FFC36619
uninspired,5398,FFFFFF4F
generous,5388,FF41B3BD
acting,5388,FF9C0047
spiritual,5371,FFFF7F00
greatest,5371,FF263F67
filled,5347,FFE4010A
red,5306,FFFFB200
winter,5284,FF7C5081
dread,5251,FFFB9A27
lethargic,5238,FF07548A
accepted,5210,FFFFD93C
solid,5199,FFFF7F00
incomplete,5199,FFFFF700
treated,5191,FF99CF15
superior,5184,FF2E9127
blank,5172,FF014872
speaking,5156,FF3688BA
shut,5150,FF595884
loose,5125,FF00734E
unwell,5103,FF014872
exposed,5093,FFC80027
unloved,5065,FF017E94
impossible,5051,FF2C558B
unfair,5037,FFB2DB11
road,5000,FF00734E
tense,4990,FF00734E
higher,4990,FFF30157
american,4988,FF41A84D
qualified,4984,FF7D1842
touched,4976,FFFFB200
burnt,4944,FF4A688C
opposite,4936,FF027975
utter,4931,FF99001E
cute,4885,FF274784
cooking,4876,FFFD0100
yucky,4871,FF41B3BD
evil,4867,FFFE9901
mixed,4866,FF1B2958
drifting,4864,FF99D013
war,4863,FFFEA53F
color,4847,FF41A84D
honoured,4817,FF243C96
gay,4811,FFCB1F13
store,4807,FFFD9927
surrounded,4781,FFFF1A00
detached,4777,FFFFB300
spoiled,4775,FF394378
meaning,4772,FF283152
entitled,4769,FF1B2958
overall,4766,FF08468F
related,4762,FF026874
willing,4761,FFFF4B02
pure,4745,FFFF7F00
blame,4741,FFFFB300
intimidated,4740,FFFE992D
jumping,4736,FFF3026D
magic,4682,FF00696F
false,4657,FF1E3869
giant,4656,FFFD9927
unable,4654,FF3688BA
mental,4638,FFC36619
unsure,4634,FFFFD93C
creeping,4627,FF4E5F7B
ended,4611,FF7EC31B
star,4607,FFFE9829
rich,4598,FF595884
luckiest,4594,FF4E5F7B
improved,4592,FF312675
liberated,4589,FF2D6E8A
suffering,4585,FFFDD93D
liked,4575,FFFB9A27
unique,4564,FFFE9901
raw,4563,FFFEA740
final,4563,FF004E6F
extreme,4553,FF3A578F
favorite,4552,FF0A3B8A
screwed,4548,FFFB9A27
unwanted,4545,FF084892
focused,4519,FF394378
regular,4516,FF552966
quality,4501,FF1B2958
closest,4486,FF64B822
irritated,4452,FFFD9927
annoying,4436,FF017E94
flat,4427,FF196C62
proper,4422,FF00696F
english,4403,FF0A3B8A
staring,4394,FF273E67
fabulous,4390,FFE49202
original,4388,FFCB1F13
hollow,4387,FF9256A0
significant,4376,FF08468F
laughing,4375,FF18213E
rambling,4366,FFFB9A27
setting,4358,FFFDD93D
painful,4291,FFF44387
cheap,4289,FFF44387
sharp,4276,FFE49202
smug,4246,FFCB1F13
paid,4229,FF40B6B8
struggling,4217,FF017C8C
shared,4212,FFFF7F00
mature,4209,FF00744E
closing,4205,FFC80027
pop,4190,FF004E6F
limited,4155,FFA5238D
concerned,4144,FF1B2958
unprepared,4134,FFE0192C
encouraged,4133,FFE97802
lovely,4125,FF187429
spinning,4117,FF043F69
earlier,4116,FF273E67
offended,4082,FF084892
melancholy,4069,FFFE9901
tied,4064,FFFDBF2C
tough,4058,FF394378
dress,4043,FFFF4B02
cutting,4026,FF034E6D
attractive,4023,FFCB1F13
nauseated,3975,FFFFD93C
understood,3964,FF0B4FA0
added,3964,FFC80027
attack,3958,FFFD0100
void,3954,FF00734E
expected,3949,FF263D67
burned,3935,FFFF7F00
fallen,3933,FF1B2958
unworthy,3927,FF0A3B8A
ambitious,3905,FF3A4AA1
wondering,3899,FF004E6F
granted,3892,FFFF6600
secret,3885,FF41B3BD
poorly,3867,FF2C558B
genuine,3857,FF950125
pointless,3853,FF00734E
rotten,3840,FF243C96
thrown,3839,FFFF7F1C
leading,3831,FF017C8C
retarded,3811,FF00553A
riding,3806,FFB2DC10
exciting,3785,FF017977
longing,3782,FF595884
renewed,3760,FF084892
touching,3759,FFB2DB11
paranoid,3741,FFA5238D
shell,3736,FF992F93
green,3730,FFF1B62A
stable,3714,FFF30172
crushed,3687,FFFED73C
correct,3683,FFF70059
bright,3683,FF2D6E8A
thin,3679,FF07548A
jack,3666,FF027975
blind,3636,FF243C96
sign,3633,FF1B2958
grab,3622,FF3A4AA1
quick,3611,FF3FB6BA
smaller,3609,FF41A84D
round,3604,FFE97802
groggy,3596,FFF30263
unsettled,3580,FF950125
six,3579,FF64B822
humbled,3579,FFB2DC10
cross,3577,FF992F93
anti,3566,FFC80027
dear,3554,FF00696F
bound,3553,FFFED73C
previous,3547,FF64B822
holy,3538,FFFF4B02
insulted,3513,FF99CF15
sentimental,3511,FF4E5F7B
chill,3497,FF3A4AA1
unsafe,3496,FF026874
excellent,3486,FFFD0100
grumpy,3471,FFFED73C
alien,3470,FF187429
unmotivated,3469,FFFFB300
professional,3463,FF552966
size,3458,FF017977
wise,3457,FF18213E
fragile,3420,FFF30172
opened,3419,FF4A688C
record,3411,FF00553A
alt,3406,FFF44387
independent,3398,FF187429
pressing,3394,FFFFD93C
recent,3382,FF552966
adventurous,3374,FFFD9927
worthwhile,3371,FF394378
shaking,3366,FFFE9901
obvious,3362,FF64B822
closed,3357,FF015B5C
loud,3343,FF017C8C
balanced,3341,FFEA3137
smiling,3336,FFFF7F1C
sensitive,3326,FF41B3BD
crummy,3323,FFFFD801
swimming,3319,FF004E6F
figured,3293,FF99D013
plain,3289,FF00696F
earned,3281,FF1E3869
deserved,3276,FFFE9901
key,3257,FF283152
complaining,3257,FF2E9127
comforted,3253,FFFEA740
specific,3246,FF034E6D
spread,3236,FF034E6D
protected,3236,FF595884
picked,3234,FF004E6F
insignificant,3232,FF950125
fading,3223,FF73207C
massive,3221,FFF70059
degree,3220,FFF1B62A
wrapped,3209,FF73207C
dull,3204,FF1B2958
romantic,3197,FFEA3137
sent,3189,FFFDBF2C
flowing,3176,FF043F69
bloody,3173,FF017C8C
returning,3169,FFE49202
vindicated,3161,FF2D6E8A
thousand,3158,FFFFB300
healing,3147,FF1B2958
suicidal,3144,FF18213E
wild,3142,FF7EC31B
surprised,3139,FFFDD93D
sea,3135,FF187429
organized,3131,FF552966
rolling,3129,FF7D1842
tremendous,3127,FFE6AB0F
sexual,3119,FF3688BA
land,3113,FF312675
review,3096,FF595884
stuffed,3088,FF034E6D
helpful,3080,FF027975
beaten,3068,FFB2DC10
shock,3066,FFFFF700
alienated,3066,FFF3026D
rid,3064,FF017C8C
surface,3055,FF2E9127
woozy,3041,FF015B5C
wide,3026,FF043F69
unnecessary,3006,FF017C8C
claustrophobic,3005,FFF30157
locked,2994,FFFFD801
cranky,2983,FFF30172
stretched,2975,FF595884
rude,2975,FF552966
included,2963,FFFB9A27
popular,2951,FF243C96
bought,2950,FF026874
effective,2934,FFFFF700
nasty,2930,FF263F67
chicken,2929,FF034E6D
novel,2927,FFE97802
overcome,2926,FF28ADCE
active,2920,FFFFA401
searching,2918,FF1B2958
bleeding,2916,FF99D013
regardless,2914,FF18213E
caring,2907,FFE0192C
smooth,2900,FF017C8C
bond,2897,FF263D67
foreign,2879,FF017E94
racing,2873,FFFD0100
slightest,2864,FF28ADCE
enormous,2863,FFFE9829
shaky,2862,FFFDD93D
separate,2855,FFFD9927
rusty,2850,FF2D6E8A
tall,2849,FFC36619
invincible,2848,FFE4010A
fatigued,2848,FFFD9927
private,2847,FF11581C
relevant,2842,FF026874
wee,2832,FFFD0100
festive,2826,FF084892
valuable,2824,FFE4010A
eaten,2819,FF99001E
protective,2818,FFFEA740
semi,2815,FF73207C
covered,2815,FFE4010A
christian,2815,FF28669F
immense,2811,FFA5238D
taught,2808,FFEA3137
brown,2802,FF243C96
melting,2799,FF0A3B8A
bothered,2790,FF7EC31B
hidden,2768,FFFF6600
affected,2764,FFFFD801
welcomed,2755,FFFD0100
unappreciated,2755,FFC36619
dragging,2751,FFE4010A
removed,2746,FFFFB200
hip,2746,FFFEA740
diet,2743,FFFEA740
resentful,2741,FFFFD801
weary,2736,FF07548A
individual,2732,FFA5238D
fancy,2727,FFFEA740
pretend,2717,FF7EC31B
average,2704,FF11581C
moody,2697,FF263F67
suffocating,2695,FFF30263
catching,2693,FF9256A0
sometime,2689,FF263F67
thick,2686,FF3A578F
profound,2685,FF3688BA
hundred,2675,FFFF7F1C
precious,2674,FF2E9127
driven,2669,FFFDBF2C
scary,2665,FF41B3BD
uncertain,2664,FF0A3B8A
dressed,2662,FF552966
centered,2655,FFE4010A
built,2655,FFE6C637
indifferent,2649,FFFED73C
stiff,2642,FF2D6E8A
double,2640,FFFEA53F
afternoon,2639,FF99D013
pressed,2619,FFF30157
modern,2619,FF99CF15
misunderstood,2614,FFFFFF4F
various,2609,FF243C96
apprehensive,2609,FFA5238D
female,2607,FF00553A
center,2597,FFFFD93C
validated,2593,FF00696F
gentle,2592,FFFB9A27
damned,2587,FFFB9A27
committed,2587,FF187429
equal,2586,FFC36619
vital,2582,FFFED73C
sane,2580,FF992F93
deflated,2577,FF026874
supported,2576,FFE97802
elated,2573,FF017E94
headed,2568,FFFDBF2C
famous,2564,FFC36619
happiest,2557,FF41B3BD
envious,2555,FF043F69
ruined,2551,FF014872
local,2543,FF196C62
bare,2543,FFFD9927
feminine,2529,FFF30263
improving,2527,FFF3026D
cream,2527,FF9256A0
fatigue,2518,FFFFF700
received,2512,FF026874
comfy,2491,FF00744E
material,2487,FFB2DB11
noticed,2475,FF394378
dangerous,2467,FF9256A0
larger,2465,FFE6C637
crashing,2464,FFEA3137
hung,2455,FF99D013
accurate,2454,FF196C62
unlike,2423,FF017E94
punished,2420,FF992F93
akin,2420,FFFFD93C
crack,2418,FFFF7F00
apathetic,2410,FFE4302F
developed,2406,FF7EC31B
patient,2403,FF273E67
crafty,2403,FFFFA401
complicated,2403,FF40B6B8
routine,2402,FF017E94
shed,2392,FFFF7F00
master,2391,FF014872
bum,2384,FF73207C
pre,2383,FFFD9927
meaningful,2369,FF2D6E8A
drowsy,2359,FFE49202
tearing,2351,FFB2DC10
basic,2348,FFFEA53F
expressed,2333,FF394378
girly,2330,FFFFFF4F
entering,2330,FFF30263
ripping,2328,FF28669F
creepy,2327,FFFFD93C
unhealthy,2326,FFFE9829
terrified,2320,FF3A578F
defensive,2320,FFFF7F1C
mighty,2317,FFCB1F13
completed,2310,FFFF7F1C
placed,2305,FF0A3B8A
political,2294,FF99001E
fellow,2294,FFFFFF4F
skinny,2292,FF027975
determined,2287,FFF3026D
cancer,2283,FFFF7F00
laid,2280,FF4E5F7B
pm,2279,FFFFF700
stopping,2275,FF263D67
underneath,2273,FF18213E
saved,2271,FF2C558B
worrying,2269,FFA5238D
outcast,2267,FF027975
needy,2264,FF2E9127
contributing,2259,FFCB1F13
released,2258,FFFF7F00
winning,2257,FF3688BA
friendly,2256,FFE97802
traveling,2254,FFF30172
thru,2254,FF312675
unsatisfied,2253,FFEA3137
split,2253,FF99D013
cheek,2253,FFFD9927
mum,2240,FF99D013
considered,2240,FF243C96
naughty,2239,FFE6C637
stretch,2235,FFA5238D
itchy,2230,FF0B4FA0
grand,2229,FF187429
direct,2226,FF00696F
valued,2224,FFFDD93B
jaded,2221,FFFD9927
fitting,2220,FFFDD93B
surrounding,2219,FFFEA53F
impatient,2219,FF00696F
sliding,2218,FFFF1A00
discovered,2210,FFFFD801
square,2201,FFFFD801
feverish,2200,FF263F67
stagnant,2199,FF263F67
uplifted,2197,FF235C93
artistic,2194,FFF70059
continued,2192,FF273E67
dirt,2191,FF004E6F
essential,2188,FF196C62
official,2187,FF00744E
twenty,2183,FF11581C
infinite,2180,FF283152
approaching,2179,FFE0192C
pouring,2177,FF015B5C
hated,2169,FF28ADCE
informed,2168,FF595884
shallow,2152,FFF30157
valid,2151,FFCB1F13
shocked,2146,FF3A578F
bone,2144,FF2C558B
sticking,2142,FF3A578F
smoking,2141,FFFDBF2C
mid,2139,FFFB9A27
available,2135,FFE6AB0F
fuzzy,2132,FF9256A0
yelling,2131,FF28ADCE
camp,2131,FFC36619
scattered,2122,FF992F93
betraying,2119,FFFF7F00
relaxing,2117,FFFF7F1C
tingling,2116,FFE6C637
restricted,2106,FF99CF15
cramped,2101,FF40B6B8
frozen,2099,FF004E6F
horny,2098,FFFF4B02
par,2092,FFFD9927
bar,2092,FFA5238D
distracted,2089,FF014872
cheerful,2088,FF40B6B8
contented,2084,FF2D6E8A
intelligent,2078,FF243C96
endless,2078,FF99001E
incapable,2076,FFF44387
crash,2072,FF41A84D
expecting,2069,FFF30172
panicky,2063,FF992F93
buried,2061,FF99D013
washed,2060,FF263F67
french,2058,FFE6AB0F
male,2056,FF004E6F
cast,2054,FF41B3BD
alert,2052,FF043F69
impending,2050,FFA5238D
shouting,2049,FFF70059
aching,2048,FF263D67
visiting,2047,FFFFD801
boss,2046,FF00553A
incompetent,2040,FFF30157
silent,2035,FFE49202
horrid,2024,FF99001E
gloomy,2021,FFFB9A27
heartbroken,2020,FF3A4AA1
mountain,2019,FFFED73C
warmed,2015,FF00734E
nuts,2012,FFF70059
unproductive,2011,FFFF7F00
beneficial,2010,FFFFF700
planned,2009,FFF44387
achy,2009,FF41A84D
pro,2008,FFFF7F1C
enlightened,2008,FFB2DB11
instant,2006,FF08468F
swell,1993,FF0B4FA0
invested,1993,FF263F67
reasonable,1990,FFB2DB11
heavier,1990,FF235C93
curling,1990,FFFF7F1C
burdened,1989,FF3A4AA1
temporary,1988,FFFEA740
pink,1988,FF043F69
enthusiastic,1982,FF1B2958
ambivalent,1979,FFB2DC10
upper,1960,FFF44387
dramatic,1960,FF2E9127
bursting,1958,FF0A3B8A
chosen,1957,FFFFB200
surreal,1956,FF004E6F
described,1954,FF595884
grey,1951,FF1E3869
unattractive,1943,FF015B5C
sticky,1942,FF1E3869
stretching,1933,FF3A4AA1
critical,1933,FF9256A0
associated,1931,FF992F93
plane,1922,FF187429
farther,1917,FFFDD93B
upbeat,1916,FFC80027
curious,1915,FF3688BA
reassured,1912,FF273E67
reluctant,1911,FF99001E
magical,1903,FFCB1F13
convinced,1902,FF4E5F7B
clever,1901,FF3A4AA1
childish,1898,FF283152
required,1897,FF3FB6BA
wronged,1891,FF552966
engaged,1891,FFFF1A00
crossed,1889,FFFB9A27
harsh,1887,FF595884
competent,1886,FF034E6D
swollen,1884,FFCB1F13
chocolate,1883,FFF3026D
thirsty,1878,FF41B3BD
slave,1869,FF196C62
developing,1868,FF312675
bold,1866,FF99001E
shattered,1864,FFE49202
frightened,1861,FFFFD801
ultimate,1856,FF40B6B8
rare,1856,FF9C0047
humiliated,1853,FF017E94
typical,1848,FFC80027
pleasant,1848,FF7D1842
ignorant,1848,FF235C93
mellow,1839,FFFE9829
romance,1835,FF3688BA
immature,1835,FFFE9829
chinese,1826,FFFDD93D
assured,1826,FFFFD801
stone,1823,FF3A4AA1
addicted,1815,FFFEA740
unknown,1809,FF08468F
disoriented,1809,FFCB1F13
tender,1807,FF084892
static,1804,FFFFA401
joyful,1793,FF187429
latest,1791,FFF44387
sheepish,1787,FFFED73C
chipper,1786,FF1B2958
funky,1783,FFFDD93B
paralyzed,1776,FF2C558B
internal,1772,FFE4010A
dejected,1770,FF0B4FA0
disturbed,1760,FF2E9127
wandering,1754,FFFEA740
cozy,1751,FF552966
brilliant,1751,FFFD0100
cynical,1749,FFFFFF4F
healed,1748,FF196C62
moral,1745,FFF3026D
immediate,1741,FFFF4B02
ancient,1737,FFE4302F
bitchy,1736,FF283152
neutral,1730,FFF30157
religious,1726,FFE4010A
blown,1726,FF043F69
south,1724,FFFE9829
matt,1724,FF99D013
witty,1718,FF1B2958
lean,1714,FFF30263
divine,1714,FF015B5C
wretched,1713,FFF3026D
west,1713,FFFF7F1C
stabbing,1712,FF084892
consumed,1709,FF41A84D
medical,1707,FF28ADCE
unimportant,1705,FF394378
continuing,1704,FF73207C
vague,1702,FFFF1A00
unfulfilled,1696,FF2D6E8A
sucking,1695,FF00696F
respected,1689,FFE0192C
humble,1689,FF41A84D
cruel,1689,FFFE992D
sold,1688,FF0B4FA0
realizing,1687,FFF30263
panicked,1686,FF2D6E8A
dehydrated,1684,FF2D6E8A
intimate,1683,FF28669F
saving,1680,FF263F67
sympathetic,1678,FF64B822
expensive,1678,FF18213E
vain,1677,FF7EC31B
dreadful,1673,FFFEA53F
careful,1670,FFFF6600
japanese,1668,FF312675
financial,1666,FFFEA53F
base,1656,FF11581C
senior,1651,FF28669F
extended,1651,FFC36619
unusual,1646,FF017E94
inappropriate,1645,FF273E67
percent,1642,FF08468F
wicked,1640,FF187429
radio,1640,FF027975
abused,1638,FF40B6B8
mild,1636,FF2E9127
challenging,1634,FFE4302F
adequate,1634,FF7EC31B
jittery,1629,FF017977
model,1628,FF08468F
devastated,1628,FF950125
climbing,1623,FFFFD801
acceptable,1623,FF3688BA
former,1621,FF40B6B8
ordinary,1620,FFE6C637
doomed,1618,FFFEA53F
stabbed,1616,FF99CF15
raised,1616,FF273E67
upcoming,1614,FF017C8C
separated,1614,FF235C93
amazed,1614,FF394378
united,1603,FF00553A
swelling,1603,FF034E6D
realistic,1603,FF18213E
brick,1589,FFFFB300
unstable,1586,FF3A4AA1
brief,1586,FF4A688C
dependent,1585,FFFFA401
opposed,1583,FFFF4B02
supporting,1582,FFFFA401
invigorated,1578,FF3A4AA1
wound,1577,FFE0192C
colour,1577,FF7D1842
spoken,1576,FFFFF700
multiple,1572,FFFF6600
stressful,1571,FF3688BA
complex,1566,FF9C0047
obsessed,1564,FFFFF700
patriotic,1562,FFFDBF2C
gorgeous,1561,FF274784
freer,1561,FF0A3B8A
shifting,1560,FF552966
crushing,1560,FFFFA401
frazzled,1559,FF2C558B
smothered,1557,FF9256A0
switch,1556,FF3688BA
destined,1556,FF196C62
scratch,1554,FF4E5F7B
recovered,1553,FFFDD93B
answering,1552,FFE49202
musical,1550,FFCB1F13
throbbing,1546,FF00553A
inevitable,1546,FF273E67
seven,1545,FFFB9A27
convicted,1541,FF283152
tourist,1539,FFFED73C
controlled,1539,FF08468F
minor,1527,FF9C0047
mini,1527,FFCB1F13
irritable,1526,FF3FB6BA
spreading,1524,FFFDD93D
homeless,1523,FFC80027
print,1522,FF950125
accepting,1519,FFFD0100
zero,1514,FF034E6D
intended,1508,FFFDD93B
stifled,1506,FF99CF15
epic,1506,FFFFA401
increasing,1502,FFFFF700
bruised,1501,FFFE9901
japan,1500,FF283152
fatter,1490,FF2C558B
gold,1489,FFFFB300
starving,1487,FF992F93
ideal,1487,FFF30157
permanent,1478,FF41B3BD
frisky,1477,FF7D1842
twilight,1476,FFFD9927
dripping,1476,FFFD0100
crowded,1476,FF0B4FA0
tingly,1470,FFF30172
impressed,1470,FFFFB300
connecting,1470,FF3A578F
rights,1468,FFFE9901
raising,1468,FF043F69
blocked,1467,FF28ADCE
naive,1466,FF9256A0
autumn,1466,FF2D6E8A
authentic,1465,FF11581C
increased,1464,FFFD0100
trusted,1461,FF1B2958
faced,1460,FF017C8C
agitated,1459,FFFDBF2C
swallowed,1458,FFFF7F1C
hypocritical,1457,FF017E94
subtle,1456,FF243C96
national,1454,FF595884
flush,1446,FF015B5C
downright,1445,FF352C65
whining,1443,FF99D013
stirring,1442,FF2D6E8A
clueless,1440,FF07548A
classic,1438,FF017C8C
reflective,1436,FFC80027
unreal,1433,FF99001E
innocent,1433,FFA5238D
china,1433,FF263D67
dissatisfied,1432,FF0A3B8A
greedy,1429,FF263F67
steady,1426,FFE6AB0F
standard,1420,FF017E94
radiating,1416,FF99CF15
confined,1416,FF07548A
deserving,1415,FFB2DC10
raped,1411,FFFF7F00
bush,1411,FF014872
addressed,1411,FFF44387
irrational,1409,FF0A3B8A
troubled,1407,FFFE992D
hesitant,1407,FFFE9829
persons,1396,FF11581C
mass,1395,FF312675
meaningless,1393,FFFDBF2C
august,1389,FF2C558B
greasy,1387,FF043F69
comforting,1387,FF99001E
wed,1386,FF1E3869
rose,1386,FF950125
firm,1386,FF017E94
traditional,1382,FF084892
delicious,1381,FFCB1F13
pretentious,1377,FFFFA401
choking,1376,FF1B2958
overlooked,1374,FF3A4AA1
graduate,1371,FFF70059
depressing,1369,FFF30172
flash,1363,FFC80027
accountable,1363,FF026874
bomb,1361,FF28ADCE
violent,1360,FFC80027
sweaty,1360,FFF70059
seeking,1354,FF64B822
competitive,1353,FFE4010A
sufficient,1350,FFFF7F00
sickly,1350,FFFEA53F
metal,1349,FF9C0047
consistent,1349,FF017E94
vast,1348,FF4E5F7B
terrific,1345,FFFE9901
mere,1341,FFFFD801
latter,1341,FF3FB6BA
reborn,1340,FF7C5081
ecstatic,1339,FF40B6B8
confusing,1336,FFE0192C
nagging,1334,FF187429
eight,1333,FFFB9A27
virtuous,1332,FF41A84D
sincere,1329,FF263F67
baking,1327,FFFF7F1C
fitter,1325,FFFF1A00
invited,1321,FFB2DB11
ben,1317,FF41B3BD
lowest,1314,FF3A578F
handled,1313,FF283152
wiser,1311,FF034E6D
sheer,1309,FF9256A0
destroyed,1309,FF043F69
eager,1308,FFFED73C
glum,1307,FF41A84D
banging,1306,FFFFD801
disappointing,1303,FFFF1A00
aged,1303,FF99CF15
wrath,1300,FF274784
trembling,1300,FF017E94
shining,1297,FF41B3BD
disheartened,1296,FF00696F
ungrateful,1295,FF273E67
lifeless,1294,FF7C5081
irresponsible,1293,FFC80027
performing,1292,FF950125
directed,1291,FF196C62
distinct,1290,FFB2DC10
stolen,1288,FF015B5C
shaken,1288,FF11581C
legitimate,1288,FF00744E
whiny,1286,FF0A3B8A
electric,1285,FF99CF15
unfinished,1281,FFF30263
educated,1281,FFEA3137
lingering,1280,FFC80027
packed,1279,FF41B3BD
exploding,1279,FF243C96
plastic,1278,FFE6AB0F
spare,1276,FF014872
motherless,1275,FFFF7F1C
eternal,1274,FF043F69
resolved,1272,FF027975
draining,1272,FF99001E
cursed,1271,FF027975
frustrating,1270,FF7EC31B
daring,1266,FFFF6600
stale,1265,FF73207C
edgy,1258,FFFDBF2C
damaged,1258,FFFEA53F
thrilled,1255,FF084892
sicker,1255,FF283152
adam,1255,FF017E94
tested,1253,FF274784
comic,1251,FF1E3869
carefree,1249,FF3A4AA1
severe,1248,FF7D1842
remembered,1248,FF9256A0
existing,1244,FF3688BA
expert,1242,FFC36619
matured,1241,FFFF1A00
pessimistic,1240,FF014872
cleansed,1237,FF352C65
righteous,1232,FFFFF700
twisted,1231,FF263F67
intruding,1230,FF7C5081
teenage,1228,FF00744E
crucial,1223,FF084892
commercial,1222,FF235C93
bittersweet,1222,FF017E94
unwelcome,1221,FF4E5F7B
regretful,1221,FF11581C
criminal,1220,FF28ADCE
promised,1216,FF07548A
mediocre,1216,FF18213E
concerning,1215,FF243C96
rebellious,1213,FFB2DB11
attending,1213,FF1E3869
digital,1208,FF99001E
adrift,1207,FFFE9829
flip,1205,FFFEA53F
boiling,1203,FFFFA401
spanish,1202,FF243C96
root,1202,FF992F93
expanding,1202,FF0B4FA0
discontent,1202,FFB2DB11
manic,1199,FFB2DC10
cheesy,1199,FFA5238D
bubbling,1198,FF73207C
talented,1196,FF08468F
undeserving,1192,FF9C0047
favourite,1192,FFFF1A00
trade,1190,FFFE9901
concrete,1190,FF3A4AA1
consuming,1187,FF312675
lesser,1186,FF28669F
definite,1182,FFFFD801
paris,1179,FF00734E
euphoric,1179,FFFDD93B
oppressed,1177,FFFDBF2C
indescribable,1177,FF2D6E8A
poetic,1175,FFE4010A
golden,1173,FFE97802
fixed,1173,FFF3026D
suitable,1172,FFE0192C
struck,1172,FF9C0047
stranded,1172,FF273E67
questioning,1171,FFFED73C
seeping,1168,FFEA3137
leaning,1168,FF64B822
north,1166,FFFF4B02
closet,1166,FFFD0100
sober,1164,FFFF4B02
indebted,1161,FF00553A
satisfying,1160,FFC36619
guest,1160,FF017C8C
tipsy,1159,FF004E6F
military,1158,FFE97802
delicate,1157,FFF44387
bereft,1157,FF1B2958
defined,1156,FF084892
haunted,1155,FF394378
bipolar,1155,FF394378
swept,1154,FF3FB6BA
disappearing,1154,FF015B5C
pulsing,1151,FF1B2958
fearful,1151,FFFF7F1C
pet,1149,FFF30157
inform,1149,FF00553A
resting,1148,FF026874
initial,1147,FF3A4AA1
british,1144,FF950125
freezing,1140,FF2E9127
bonded,1140,FF017977
messy,1137,FFE4010A
fired,1135,FF00553A
pointing,1131,FFB2DC10
dun,1128,FFFF6600
domestic,1128,FF00734E
bottomed,1128,FF99D013
sacred,1126,FFFF4B02
nicer,1125,FF28ADCE
urgent,1123,FFF1B62A
checked,1121,FF00553A
freshman,1120,FF017C8C
petty,1118,FFFDD93B
frumpy,1118,FF3A578F
goofy,1116,FF017C8C
stinging,1112,FF41B3BD
logical,1112,FF352C65
teen,1111,FF043F69
constrained,1111,FF196C62
dumped,1109,FF3A4AA1
sassy,1106,FF28669F
lonesome,1104,FF552966
score,1102,FFFF4B02
prior,1102,FF7C5081
milk,1102,FF4A688C
published,1099,FF950125
loopy,1098,FF283152
wobbly,1097,FF00734E
net,1095,FF235C93
backed,1095,FF9C0047
tangible,1090,FF0A3B8A
ultra,1089,FFFEA53F
tortured,1089,FFB2DB11
primary,1089,FF992F93
imagined,1088,FFC80027
beloved,1086,FFC80027
transported,1085,FF017E94
yearning,1081,FF992F93
according,1081,FF027975
unbearable,1080,FF28ADCE
sport,1080,FFF3026D
charged,1075,FFC80027
casual,1075,FF73207C
trusting,1074,FF2E9127
enjoyable,1074,FF394378
blanket,1070,FFF1B62A
redundant,1069,FF263D67
designed,1066,FF00744E
dazed,1066,FF352C65
wood,1058,FFF30157
salt,1056,FF9C0047
looser,1053,FFF1B62A
desired,1052,FFFEA53F
shameful,1049,FF0B4FA0
graduated,1049,FFFFD801
prettier,1048,FF11581C
drugged,1043,FFFF4B02
controlling,1042,FFFE9901
recovering,1039,FF0A3B8A
presented,1039,FFFF4B02
biting,1039,FFE97802
bass,1039,FF595884
gray,1038,FFFF7F00
chilled,1038,FF7C5081
entertaining,1037,FF026874
junior,1035,FF352C65
dedicated,1035,FF196C62
vibrating,1034,FF017977
tail,1034,FF014872
joined,1034,FF0A3B8A
visual,1032,FFFF7F1C
faded,1032,FFFFFF4F
applied,1032,FF027975
intellectual,1031,FF283152
indian,1031,FF7EC31B
arguing,1031,FFE97802
pampered,1026,FF73207C
chilly,1024,FF7EC31B
antisocial,1024,FFB2DB11
scratched,1023,FF043F69
slack,1020,FF4E5F7B
listless,1019,FFC80027
disillusioned,1019,FFE49202
covering,1018,FFFE9829
equipped,1017,FFF70059
stock,1015,FF99001E
breathless,1015,FFFF1A00
enemy,1014,FFFFD93C
wounded,1013,FF3A578F
bouncing,1013,FFC36619
refreshing,1012,FFF70059
extraordinary,1010,FF014872
trained,1009,FF235C93
sexier,1009,FF99D013
proof,1009,FF043F69
fairy,1007,FF187429
occasional,1006,FF28ADCE
swamped,1005,FF00553A
jet,1002,FF4A688C
stripped,1001,FF18213E
stoned,1001,FF9C0047
supportive,1000,FFFEA53F
sounding,1000,FFFED73C
solved,1000,FFFF1A00
handed,999,FF014872
triumphant,997,FFFFB300
rational,997,FF73207C
orange,997,FFFEA53F
cracking,997,FF28669F
weightless,996,FFF1B62A
inept,995,FFC80027
superficial,989,FFFED73C
despondent,987,FF00553A
crossing,987,FF18213E
victorious,985,FF274784
practicing,985,FFEA3137
practical,985,FF99D013
philosophical,981,FF084892
distressed,981,FF3A4AA1
dated,979,FF235C93
quarter,978,FFFF7F00
manly,976,FFFDD93D
bizarre,975,FFF44387
iffy,973,FF3A4AA1
crabby,973,FF034E6D
perky,971,FF4E5F7B
loyal,970,FF99D013
peculiar,969,FFE49202
coward,968,FF263F67
winded,967,FF64B822
rewarding,966,FFFF7F00
twelve,965,FFFFB200
vice,964,FFE4302F
serene,962,FF40B6B8
downhill,961,FF3688BA
toe,960,FF3FB6BA
prone,960,FFFE9829
overweight,960,FF64B822
blissful,959,FF014872
appreciative,958,FF00553A
owed,956,FFFFD93C
doubtful,956,FF99CF15
newborn,953,FF595884
misplaced,952,FFB2DB11
absorbed,949,FFF1B62A
recognized,948,FF11581C
frantic,946,FF3A4AA1
mushy,945,FFE4302F
indulgent,943,FF7D1842
affecting,943,FF243C96
choked,942,FFFD9927
chatty,942,FF283152
academic,938,FF00734E
woods,934,FF274784
unpretty,931,FFE4010A
aggressive,931,FF07548A
proven,929,FF99D013
foggy,927,FF273E67
sour,926,FFFE9901
flown,926,FFE4302F
competing,924,FFF30263
cluttered,924,FF73207C
destructive,923,FF40B6B8
scratching,922,FF00696F
participating,921,FFFE9829
painted,921,FF084892
sappy,920,FFF44387
peckish,918,FFE4302F
fleeting,918,FFFFA401
yellow,916,FFFEA53F
universal,916,FF017E94
narrow,916,FF235C93
spoilt,915,FF014872
punk,910,FF263F67
hormonal,910,FF352C65
unexpected,908,FF00744E
unbalanced,908,FFFF1A00
acid,907,FFF30263
cultural,903,FFFED73C
signed,899,FF552966
dang,898,FFF70059
asian,898,FFFFF700
international,897,FFFF6600
articulate,896,FF41A84D
peak,895,FF235C93
clumsy,895,FF196C62
represented,891,FF084892
established,891,FFFDD93B
suspicious,890,FFFF7F1C
faithful,889,FFFE992D
congested,889,FFFDD93D
slapped,887,FFC36619
unpleasant,886,FFB2DC10
cautious,885,FF99D013
sales,884,FF552966
rooted,881,FF7EC31B
fourth,881,FFFD9927
protecting,880,FF017C8C
rolled,879,FFE49202
cocky,879,FF28ADCE
named,877,FF40B6B8
encouraging,877,FFFFA401
pale,875,FF187429
amused,875,FF4A688C
absent,875,FF4A688C
unlucky,872,FF4E5F7B
substantial,871,FF28ADCE
lurking,871,FFF3026D
hideous,871,FFFD0100
owned,870,FFFFFF4F
disrespectful,870,FF73207C
collective,869,FF352C65
releasing,867,FFFB9A27
liquid,867,FFFFFF4F
stubborn,866,FF394378
rotting,866,FF4A688C
produced,866,FF017E94
contrary,865,FFF1B62A
desert,863,FFCB1F13
fluid,860,FFFDD93B
chin,860,FFFFFF4F
advance,860,FFFFB300
unfortunate,859,FFF3026D
dried,859,FF3A578F
alternative,859,FF00744E
bay,858,FF40B6B8
introspective,857,FFFE9901
honey,857,FFFFFF4F
flood,857,FF274784
central,856,FFF44387
apologetic,856,FF026874
spectacular,855,FF235C93
lit,855,FFFEA53F
frank,855,FFF3026D
bust,855,FFCB1F13
irrelevant,854,FF9256A0
lee,852,FFFF1A00
east,852,FF41A84D
anonymous,852,FFFD9927
drastic,850,FF312675
rebel,848,FFFF7F00
weekly,846,FF394378
mourning,846,FFFB9A27
unaccomplished,845,FFE4302F
prime,843,FF99CF15
stated,842,FF1E3869
apparent,842,FF2C558B
revealed,840,FF043F69
iron,840,FF3FB6BA
highest,840,FFFD0100
wired,839,FFFDD93B
sweating,839,FF1E3869
suspect,838,FFFFB200
sunny,837,FFF70059
fried,837,FF0A3B8A
bugs,835,FF084892
smashing,834,FF312675
bastard,834,FF312675
overloaded,833,FFA5238D
emerging,832,FF352C65
tragic,831,FFC36619
abroad,830,FF3FB6BA
fond,826,FF40B6B8
swirling,825,FF00744E
attacking,825,FF00744E
combined,824,FFFDBF2C
teeny,822,FF99001E
merry,822,FF11581C
gathering,822,FFFFB200
mundane,820,FF3688BA
warming,818,FF017977
trial,818,FF00553A
unclean,817,FF1E3869
unstoppable,816,FFF44387
feat,816,FFE6C637
minus,815,FF187429
glorious,815,FFC36619
advanced,815,FF4A688C
abnormal,815,FFFDBF2C
spiraling,814,FF187429
log,814,FF7C5081
remiss,812,FFFF1A00
grave,812,FF4E5F7B
linked,811,FF263F67
corporate,809,FFFFB300
spontaneous,808,FF18213E
efficient,808,FFFB9A27
thirty,807,FF08468F
unnatural,806,FF263D67
arrogant,806,FFE4010A
disjointed,805,FF950125
conservative,804,FF4A688C
agreed,803,FF196C62
legal,802,FF1B2958
twisting,801,FF3FB6BA
piano,800,FFFFFF4F
aimless,800,FFFFB200
revived,799,FF7D1842
charitable,799,FF274784
virgin,798,FF274784
remaining,797,FFE97802
raging,796,FF99D013
nonsense,795,FF41A84D
lasting,795,FFB2DB11
elaborate,794,FFF30157
alike,793,FFF44387
underlying,792,FFFDD93B
starved,791,FF00553A
repetitive,791,FFFDD93D
shiny,790,FF273E67
kindred,790,FFF44387
injured,789,FF0A3B8A
counter,788,FFFEA740
tony,787,FF0B4FA0
deserted,787,FFFFD93C
western,786,FFF30157
thoughtful,786,FF7D1842
technical,783,FF2E9127
purple,782,FF9256A0
medium,782,FFFFFF4F
landed,780,FFB2DC10
strained,779,FF273E67
remorseful,779,FFFE9901
uptight,777,FF014872
raining,777,FF28669F
texas,775,FF034E6D
pat,774,FFE4010A
fifth,774,FF08468F
unconditional,773,FF027975
mysterious,772,FF015B5C
chained,772,FF07548A
joint,770,FFE97802
constructive,769,FF40B6B8
grouchy,768,FFF1B62A
frail,768,FF07548A
heartless,767,FF07548A
battered,767,FF026874
crippled,766,FF014872
aroused,763,FF07548A
wistful,762,FF18213E
threatening,762,FF99D013
melancholic,762,FFFF6600
weepy,761,FF3A4AA1
bleak,760,FF73207C
stuffy,759,FFFEA740
immortal,759,FFFDD93D
incident,758,FF263D67
lone,757,FFF30263
easiest,757,FFE4302F
jewish,755,FF18213E
submissive,753,FF274784
offensive,753,FF1E3869
complacent,753,FFFE992D
catholic,750,FFFED73C
pent,749,FFFEA53F
shamed,748,FF196C62
constricted,748,FF263D67
gigantic,747,FF18213E
divided,747,FF2C558B
cornered,746,FF992F93
absurd,746,FFF30263
native,745,FF026874
overdue,742,FF3A4AA1
dishonest,742,FFFFD93C
apt,742,FFFF7F00
formal,741,FFFB9A27
studied,740,FFE6AB0F
soaking,740,FFC36619
neat,740,FFFF4B02
unbelievable,738,FF07548A
solo,738,FFFFD93C
keen,736,FF034E6D
tainted,735,FFB2DC10
slim,735,FFFF1A00
polite,735,FFF30172
glowing,735,FFA5238D
cracked,735,FFFF7F00
winding,734,FF41A84D
visible,734,FFFFF700
cheery,734,FF99001E
hooked,733,FFFFFF4F
mainstream,732,FF9256A0
disorganized,732,FF017977
sophisticated,730,FFFE9901
cleaned,730,FF41A84D
coherent,729,FFF30157
piercing,727,FF41B3BD
obsessive,725,FF73207C
fifteen,725,FF017C8C
aging,725,FFFFD93C
imposing,724,FF026874
confirmed,724,FFFF4B02
alternate,724,FF243C96
filthy,723,FF394378
chaotic,723,FF034E6D
hostile,722,FF992F93
grasping,721,FF274784
bragging,721,FF99001E
embarrassing,720,FF64B822
clingy,720,FFF30263
chubby,719,FF64B822
flushed,715,FF0B4FA0
relative,714,FF014872
pointed,714,FFF30263
freed,713,FF00553A
deaf,712,FFCB1F13
bland,711,FF043F69
rent,710,FF263D67
convenient,710,FF28ADCE
adopted,709,FFA5238D
knowledgeable,706,FF2C558B
instinct,706,FFFFA401
flustered,706,FF0A3B8A
teary,705,FF11581C
proved,705,FFFFB200
boxed,704,FFFFB300
hotter,702,FF084892
compelling,702,FF017E94
reverse,700,FF11581C
prize,700,FF312675
vocal,699,FF034E6D
illegal,699,FF2D6E8A
futile,699,FFF30157
sorted,698,FF3688BA
idiotic,698,FFFE9829
excessive,697,FF08468F
billion,697,FFFE992D
revealing,696,FF28669F
pursuing,696,FFFFA401
german,696,FF7C5081
damp,695,FFFB9A27
refer,693,FFFDD93B
wary,692,FF1E3869
victimized,692,FF99CF15
sneaking,692,FFF44387
passive,692,FF026874
whispered,689,FFFF7F00
icy,689,FF243C96
speeding,688,FF3688BA
reckless,688,FFFEA740
altered,687,FF1B2958
possessed,686,FF552966
italian,686,FF017E94
mopey,685,FF11581C
hectic,685,FF11581C
demanding,685,FFF70059
elementary,684,FFE6C637
dreamed,683,FFFFF700
gripping,682,FF73207C
buzzing,681,FFE4302F
associate,681,FFF70059
handy,678,FF283152
downward,677,FFE6AB0F
irritating,676,FF99CF15
adjusted,676,FF243C96
lang,675,FFFD0100
whispering,674,FF2E9127
flooding,673,FF11581C
smacking,672,FF1E3869
smallest,671,FFFFF700
secondary,667,FFFFFF4F
queer,666,FF7EC31B
disturbing,665,FF283152
inviting,664,FFFE9829
witnessed,663,FF41B3BD
portrayed,662,FF187429
playful,662,FFE4302F
cleansing,661,FF263D67
stumbling,660,FF7D1842
sneak,658,FFFFD93C
reserved,658,FF9256A0
bubbly,658,FFEA3137
unsteady,656,FFF70059
southern,656,FF273E67
sixteen,656,FF00553A
unreasonable,654,FF014872
lesbian,654,FFB2DB11
flawed,651,FFFFB300
bull,648,FF3A4AA1
wrecked,647,FF017C8C
managing,647,FF18213E
contained,647,FF99CF15
acknowledged,647,FF283152
suspended,644,FFF44387
functioning,644,FF41A84D
groovy,643,FF026874
perpetual,642,FFC36619
distraught,642,FF99001E
abstract,642,FF41B3BD
dam,641,FFC80027
liberal,640,FF00696F
impotent,640,FFFE9901
racist,639,FFB2DC10
polar,639,FF027975
fatty,638,FF950125
unlikely,637,FF3688BA
psycho,637,FFFDD93B
ongoing,637,FF235C93
jumbled,636,FF263F67
joyous,636,FF64B822
invading,636,FFE97802
puffy,635,FFFDBF2C
fifty,635,FFF30263
toxic,634,FF99CF15
subconscious,634,FF11581C
silky,634,FF950125
psychological,634,FFF3026D
itching,633,FF026874
rubber,632,FF4E5F7B
oldest,631,FF00553A
observing,631,FFE97802
daunted,631,FF9256A0
transparent,629,FFFDD93B
european,629,FF017E94
insulting,628,FF9C0047
spaced,627,FFF30157
yelled,626,FFFEA740
tapped,625,FF73207C
limp,625,FFFF4B02
jake,625,FFFF6600
condemned,625,FF263D67
discombobulated,624,FF3A4AA1
cherished,624,FFFEA740
royal,622,FFFFD801
remote,620,FF187429
masculine,620,FFF30172
cleared,620,FF73207C
obese,618,FF034E6D
lonelier,618,FFFDBF2C
punishing,617,FF07548A
churning,616,FFFDD93D
assuming,615,FFFF1A00
sheltered,614,FF084892
repeated,613,FF2C558B
luckier,612,FFE6C637
crisp,612,FF004E6F
bearing,612,FF552966
numerous,611,FF00696F
handicapped,611,FFF30263
admitted,609,FFFD9927
parallel,608,FF394378
appealing,608,FFFDD93B
pitiful,607,FF552966
forgiving,607,FF394378
stimulated,606,FFFE9901
immune,605,FFF70059
brushed,605,FF263D67
bow,605,FFF70059
emotionless,604,FF196C62
hateful,602,FF00734E
blonde,602,FFFFD93C
belittled,601,FF99CF15
jolly,600,FF3688BA
functional,600,FF027975
loaded,597,FF73207C
weighted,596,FF00696F
moist,596,FF99001E
unfit,595,FF00553A
jumpy,595,FF41A84D
lively,594,FFFF1A00
leaking,593,FF99001E
flipping,593,FF3688BA
drowned,591,FF64B822
squishy,590,FFFEA740
talkative,589,FFFF4B02
underwater,587,FF00734E
sociable,587,FF7EC31B
uncreative,586,FFFDD93B
strung,586,FFE6C637
defending,586,FFFD9927
haunting,583,FF394378
bouncy,583,FF015B5C
trivial,582,FFFFFF4F
pan,582,FF034E6D
sole,581,FF263D67
noble,581,FF9C0047
saturated,579,FFCB1F13
ridden,579,FF1E3869
costume,579,FFE4302F
stalking,578,FF3A578F
classy,575,FFFF1A00
phantom,574,FF00734E
exclusive,574,FF99D013
escaped,574,FF2C558B
entertained,574,FF99001E
soaked,573,FFFFD93C
hurtful,571,FFFB9A27
restrained,569,FF3688BA
swinging,566,FFFEA53F
devoted,565,FFFE9901
caressing,565,FFE6AB0F
oozing,564,FF41B3BD
speechless,563,FFF30172
snapping,563,FF394378
nude,563,FFFF1A00
drying,563,FFF30263
ant,563,FFE0192C
weeping,561,FF99D013
tiniest,561,FF2C558B
insensitive,560,FF263F67
fluffy,560,FFFFF700
blamed,560,FFFB9A27
twin,559,FF4E5F7B
saucy,559,FFFEA740
psychic,559,FF9C0047
picky,559,FFCB1F13
contemplative,559,FF014872
wasteful,558,FF394378
wonky,556,FFE97802
tensing,556,FF552966
obnoxious,555,FF235C93
horrified,553,FF4A688C
blushing,553,FFE6AB0F
typed,551,FF243C96
sounded,551,FFB2DB11
irish,549,FF004E6F
stalked,547,FF3688BA
parked,547,FFC80027
sloppy,545,FF1E3869
withdrawn,544,FFFDBF2C
estranged,544,FF9256A0
furious,543,FF2C558B
skinnier,542,FFCB1F13
imminent,540,FFFD0100
charming,540,FF017E94
chemical,539,FFC80027
maternal,537,FFF30172
forsaken,537,FF9C0047
crystal,537,FF026874
sarcastic,536,FFFF6600
straining,535,FFFDD93D
bye,535,FF273E67
wan,534,FFEA3137
mocking,534,FF034E6D
hazy,534,FF18213E
guarded,534,FF043F69
corny,531,FFFDD93B
cheering,530,FFE49202
aggravated,530,FFE4010A
pulsating,529,FF034E6D
civil,528,FFF70059
recorded,527,FF00734E
strip,526,FF3FB6BA
amiss,526,FF394378
tickling,523,FFF1B62A
smashed,522,FF99CF15
pensive,521,FF017C8C
downtown,521,FF00734E
bawling,520,FFFFFF4F
reliable,517,FF2D6E8A
mortal,517,FFFF7F1C
devoid,517,FF00553A
slick,516,FFE49202
bent,516,FFE0192C
tangled,515,FF263D67
alcoholic,515,FFB2DC10
shocking,514,FF950125
ordered,514,FF196C62
desirable,514,FFF30263
attempted,514,FF7EC31B
volunteer,513,FFFF7F00
suppressed,513,FFC80027
generic,512,FF73207C
desolate,512,FF07548A
outdated,511,FF00734E
resigned,508,FF043F69
infected,508,FF7EC31B
babbling,506,FF552966
induced,505,FFE6AB0F
neglectful,504,FF99001E
ironic,504,FFFFA401
harassed,504,FF274784
degraded,503,FF99D013
morose,502,FF552966
affectionate,500,FFA5238D
randy,499,FFFFB200
homey,499,FF3A4AA1
unexplainable,496,FF07548A
repressed,496,FFFFA401
morbid,494,FF00696F
cloudy,494,FFFFB300
mexican,493,FF07548A
hilarious,493,FF950125
cursing,493,FFE97802
ringing,490,FFFF7F00
decadent,490,FFFFD801
peachy,489,FFFF7F00
sneaky,488,FF4A688C
mistaken,487,FF11581C
stirred,486,FF394378
downstairs,485,FFFFB200
disgruntled,485,FFFF1A00
unnoticed,480,FF7C5081
divorced,480,FF11581C
indecisive,479,FFFF6600
tumbling,478,FFFF4B02
intoxicated,478,FFB2DC10
dedicate,478,FFE4010A
idle,477,FF2D6E8A
greek,477,FF7EC31B
solitary,476,FF394378
shittier,474,FFFDD93D
radical,474,FFE97802
persecuted,472,FFE4010A
vicious,471,FF263F67
trendy,471,FF00734E
enraged,471,FFB2DB11
numbing,470,FFC36619
dire,467,FF015B5C
whiney,466,FFFE992D
upstairs,466,FFFDD93D
unorganized,466,FF99001E
splitting,466,FF235C93
teasing,465,FF0B4FA0
delirious,464,FFFFFF4F
blunt,464,FFE6AB0F
russian,462,FF28ADCE
sunk,461,FF026874
singled,461,FF73207C
regressing,458,FFC36619
insufficient,457,FFF1B62A
trampled,455,FF273E67
puzzled,455,FFF30263
chilling,455,FF07548A
floaty,451,FF2C558B
upsetting,450,FF00734E
swaying,450,FF196C62
smoked,450,FF3688BA
supreme,449,FFF70059
secluded,449,FF2C558B
kindly,448,FFFF1A00
disgustingly,448,FF043F69
timid,447,FF3FB6BA
melodramatic,445,FF263D67
hammered,445,FFEA3137
erased,444,FFFEA740
union,443,FFCB1F13
slutty,442,FFEA3137
hibernating,441,FFEA3137
crazed,438,FF027975
unresolved,437,FF273E67
disloyal,437,FF015B5C
cultured,437,FF017E94
mistreated,433,FF017E94
juvenile,433,FF017977
blinded,432,FF015B5C
drunken,430,FF084892
compulsive,430,FFFF4B02
hack,428,FF41B3BD
heather,426,FF99D013
heated,425,FF043F69
defective,424,FFFE992D
possessive,421,FF243C96
straw,420,FF394378
masochistic,419,FFFEA53F
fourteen,419,FF3A578F
joking,418,FFFFB200
scratchy,415,FF1B2958
curled,415,FF9C0047
compatible,413,FFFFB200
melted,408,FFFE992D
careless,406,FFE0192C
strangled,405,FFB2DB11
neurotic,405,FFFEA740
invalid,404,FF7C5081
giggly,402,FFCB1F13
fooling,402,FFB2DC10
friendless,401,FF273E67
amusing,396,FFB2DC10
contagious,395,FFFDD93D
scientific,390,FFC36619
naming,388,FF99001E
foul,387,FF11581C
freaky,386,FF312675
ace,382,FFFF6600
materialistic,377,FF4E5F7B
impulsive,376,FFFED73C
stunning,375,FFFDD93B
stereotypical,373,FF3A4AA1
loneliest,372,FF00734E
psychotic,371,FF027975
trashy,367,FF00744E
dandy,367,FF992F93
moaning,365,FF08468F
introverted,363,FF1B2958
corrupt,360,FF9256A0
bohemian,359,FF950125
conceited,357,FFFFA401
allergic,356,FF274784
smothering,347,FFFFD93C
seedy,344,FFFEA53F
napping,342,FFFD9927
undesirable,341,FF00744E
sublime,341,FFFF7F1C
untrue,340,FF73207C
dependant,338,FF235C93
spiffy,337,FF3A578F
sickish,332,FFE6AB0F
unoriginal,331,FFFFD801
premature,329,FFE0192C
grimy,328,FF0B4FA0
unrequited,323,FF64B822
marching,322,FF4A688C
gooey,322,FFFDD93D
unanswered,320,FFFFFF4F
murderous,313,FF243C96
dodgy,303,FFFFF700
sinister,302,FF28ADCE
incoherent,297,FFB2DB11
erotic,284,FF2C558B
spiteful,282,FF595884
butch,277,FFFEA740
executed,260,FF28669F
homicidal,255,FF196C62
sear,236,FF026874
gothic,231,FF043F69
outdoor,221,FFFB9A27
pending,198,FF2D6E8A
irate,152,FF273E67
painless,133,FF00696F
